"element","sp_num","obs_wl_air(nm)","unc_obs_wl","ritz_wl_air(nm)","unc_ritz_wl","wn(cm-1)","intens","Aki(s^-1)","Acc","Ei(cm-1)","Ek(cm-1)","conf_i","term_i","J_i","conf_k","term_k","J_k","Type","tp_ref","line_ref","","wavenumber_cm","ell","wavenumber_source"
"Ni","2","","","1938.77","","5156.49","","8.7e-02","D","8393.90","13550.39","3p6.3d8.(3F).4s","4F","9/2","3p6.3d8.(3F).4s","2F","7/2","M1","T4240","","",5156.49,8.54801139445433,"wn(cm-1)"
"Ni","2","","","1895.31","","5274.75","","7.3e-02","E","23796.18","29070.93","3p6.3d8.(1D).4s","2D","3/2","3p6.3d8.(3P).4s","2P","3/2","M1","T4240","","",5274.75,8.57068656385624,"wn(cm-1)"
"Ni","2","","","1764.578","","5665.53","","2.8e-03","D","9330.04","14995.57","3p6.3d8.(3F).4s","4F","7/2","3p6.3d8.(3F).4s","2F","5/2","M1","T4240","","",5665.53,8.64215572601444,"wn(cm-1)"
"Ni","2","","","1724.476","","5797.28","","7.7e-02","E","23796.18","29593.46","3p6.3d8.(1D).4s","2D","3/2","3p6.3d8.(3P).4s","2P","1/2","M1","T4240","","",5797.28,8.66514412101855,"wn(cm-1)"
"Ni","2","","","1676.649","","5962.65","","8.0e-02","D","23108.28","29070.93","3p6.3d8.(3P).4s","4P","5/2","3p6.3d8.(3P).4s","2P","3/2","M1","T4240","","",5962.65,8.69327029211286,"wn(cm-1)"
"Ni","2","","","1339.550","","7463.15","","9.8e-05","E","25036.38","32499.53","3p6.3d8.(1D).4s","2D","5/2","3p6.3d8.(1G).4s","2G","9/2","E2","T4240","","",7463.15,8.91773285608524,"wn(cm-1)"
"Ni","2","","","1335.255","","7487.16","","2.3e-06","E","25036.38","32523.54","3p6.3d8.(1D).4s","2D","5/2","3p6.3d8.(1G).4s","2G","7/2","M1","T4240","","",7487.16,8.92094483237766,"wn(cm-1)"
"Ni","2","","","1292.414","","7735.34","","3.7e-05","E","24788.20","32523.54","3p6.3d8.(3P).4s","4P","3/2","3p6.3d8.(1G).4s","2G","7/2","E2","T4240","","",7735.34,8.95355471808508,"wn(cm-1)"
"Ni","2","","","1277.916","","7823.10","","2.1e-05","E","1506.94","9330.04","3p6.3d9","2D","3/2","3p6.3d8.(3F).4s","4F","7/2","E2","T4240","","",7823.1,8.96483617442327,"wn(cm-1)"
"Ni","2","","","1232.297","","8112.71","","8.2e-02","E","14995.57","23108.28","3p6.3d8.(3F).4s","2F","5/2","3p6.3d8.(3P).4s","4P","5/2","M1","T4240","","",8112.71,9.00118724665574,"wn(cm-1)"
"Ni","2","","","1161.295","","8608.72","","9.3e-04","E","1506.94","10115.66","3p6.3d9","2D","3/2","3p6.3d8.(3F).4s","4F","5/2","M1","T4240","","",8608.72,9.06053092202635,"wn(cm-1)"
"Ni","2","","","1145.508","","8727.36","","3.2e-04","E","23796.18","32523.54","3p6.3d8.(1D).4s","2D","3/2","3p6.3d8.(1G).4s","2G","7/2","E2","T4240","","",8727.36,9.0742181976016,"wn(cm-1)"
"Ni","2","","","1135.974","","8800.61","","5.7e-02","E","14995.57","23796.18","3p6.3d8.(3F).4s","2F","5/2","3p6.3d8.(1D).4s","2D","3/2","M1","T4240","","",8800.61,9.08257631624572,"wn(cm-1)"
"Ni","2","","","1091.768","","9156.95","","7.7e-04","E","1506.94","10663.89","3p6.3d9","2D","3/2","3p6.3d8.(3F).4s","4F","3/2","M1","T4240","","",9156.95,9.12226843278923,"wn(cm-1)"
"Ni","2","","","1071.513","","9330.04","","6.4e-04","E","0.00","9330.04","3p6.3d9","2D","5/2","3p6.3d8.(3F).4s","4F","7/2","M1","T4240","","",9330.04,9.14099458107764,"wn(cm-1)"
"Ni","2","","","1064.529","","9391.25","","2.9e-04","E","23108.28","32499.53","3p6.3d8.(3P).4s","4P","5/2","3p6.3d8.(1G).4s","2G","9/2","E2","T4240","","",9391.25,9.14753368368337,"wn(cm-1)"
"Ni","2","","","1061.815","","9415.26","","8.0e-06","E","23108.28","32523.54","3p6.3d8.(3P).4s","4P","5/2","3p6.3d8.(1G).4s","2G","7/2","M1","T4240","","",9415.26,9.15008705621712,"wn(cm-1)"
"Ni","2","","","1045.969","","9557.89","","7.6e-02","E","13550.39","23108.28","3p6.3d8.(3F).4s","2F","7/2","3p6.3d8.(3P).4s","4P","5/2","M1","T4240","","",9557.89,9.16512227038805,"wn(cm-1)"
"Ni","2","","","1020.896","","9792.63","","6.8e-03","E","14995.57","24788.20","3p6.3d8.(3F).4s","2F","5/2","3p6.3d8.(3P).4s","4P","3/2","M1","T4240","","",9792.63,9.18938534091779,"wn(cm-1)"
"Ni","2","","","995.663","","10040.81","","6.2e-02","E","14995.57","25036.38","3p6.3d8.(3F).4s","2F","5/2","3p6.3d8.(1D).4s","2D","5/2","M1","T4240","","",10040.81,9.21441306728232,"wn(cm-1)"
"Ni","2","990.092","","","","10097.30","500w","","","","","","","","","","","","","L897","",10097.3,9.22002334035852,"wn(cm-1)"
"Ni","2","","","988.295","","10115.66","","1.2e-04","E","0.00","10115.66","3p6.3d9","2D","5/2","3p6.3d8.(3F).4s","4F","5/2","M1","T4240","","",10115.66,9.22183999710244,"wn(cm-1)"
"Ni","2","","","975.743","","10245.79","","6.0e-05","E","13550.39","23796.18","3p6.3d8.(3F).4s","2F","7/2","3p6.3d8.(1D).4s","2D","3/2","E2","T4240","","",10245.79,9.23462216848587,"wn(cm-1)"
"Ni","2","","","937.487","","10663.89","","1.3e-05","E","0.00","10663.89","3p6.3d9","2D","5/2","3p6.3d8.(3F).4s","4F","3/2","M1","T4240","","",10663.89,9.27461854672657,"wn(cm-1)"
"Ni","2","","","889.609","","11237.81","","4.5e-05","E","13550.39","24788.20","3p6.3d8.(3F).4s","2F","7/2","3p6.3d8.(3P).4s","4P","3/2","E2","T4240","","",11237.81,9.32703926460628,"wn(cm-1)"
"Ni","2","","","870.387","","11485.99","","8.9e-02","E","13550.39","25036.38","3p6.3d8.(3F).4s","2F","7/2","3p6.3d8.(1D).4s","2D","5/2","M1","T4240","","",11485.99,9.34888331079875,"wn(cm-1)"
"Ni","2","","","830.099","","12043.45","","1.3e-02","E","1506.94","13550.39","3p6.3d9","2D","3/2","3p6.3d8.(3F).4s","2F","7/2","E2","T4240","","",12043.45,9.39627622266718,"wn(cm-1)"
"Ni","2","812.148","","","","12309.64","700","","","","","","","","","","","","","L897","",12309.64,9.41813797423422,"wn(cm-1)"
"Ni","2","811.421","","","","12320.67","500","","","","","","","","","","","","","L897","",12320.67,9.41903361872569,"wn(cm-1)"
"Ni","2","809.675","","","","12347.24","1000","","","","","","","","","","","","","L897","",12347.24,9.42118783529897,"wn(cm-1)"
"Ni","2","","","803.354","","12444.39","","1.0e-02","E","10663.89","23108.28","3p6.3d8.(3F).4s","4F","3/2","3p6.3d8.(3P).4s","4P","5/2","M1","T4240","","",12444.39,9.42902519793144,"wn(cm-1)"
"Ni","2","","","769.456","","12992.62","","1.4e-02","E","10115.66","23108.28","3p6.3d8.(3F).4s","4F","5/2","3p6.3d8.(3P).4s","4P","5/2","M1","T4240","","",12992.62,9.47213678293769,"wn(cm-1)"
"Ni","2","","","761.272","","13132.29","","1.8e-01","E","10663.89","23796.18","3p6.3d8.(3F).4s","4F","3/2","3p6.3d8.(1D).4s","2D","3/2","M1","T4240","","",13132.29,9.4828293618379,"wn(cm-1)"
"Ni","2","","","741.161","","13488.63","","3.3e-05","E","1506.94","14995.57","3p6.3d9","2D","3/2","3p6.3d8.(3F).4s","2F","5/2","M1","T4240","","",13488.63,9.5096023873359,"wn(cm-1)"
"Ni","2","","","737.783","","13550.39","","3.7e-04","E","0.00","13550.39","3p6.3d9","2D","5/2","3p6.3d8.(3F).4s","2F","7/2","M1","T4240","","",13550.39,9.51417060818147,"wn(cm-1)"
"Ni","2","","","730.765","","13680.52","","3.8e-01","E","10115.66","23796.18","3p6.3d8.(3F).4s","4F","5/2","3p6.3d8.(1D).4s","2D","3/2","M1","T4240","","",13680.52,9.52372820215002,"wn(cm-1)"
"Ni","2","","","725.582","","13778.24","","1.6e-01","E","9330.04","23108.28","3p6.3d8.(3F).4s","4F","7/2","3p6.3d8.(3P).4s","4P","5/2","M1","T4240","","",13778.24,9.53084581507532,"wn(cm-1)"
"Ni","2","","","710.266","","14075.36","","7.9e-03","E","14995.57","29070.93","3p6.3d8.(3F).4s","2F","5/2","3p6.3d8.(3P).4s","2P","3/2","M1","T4240","","",14075.36,9.55218102994545,"wn(cm-1)"
"Ni","2","","","707.804","","14124.31","","2.7e-02","E","10663.89","24788.20","3p6.3d8.(3F).4s","4F","3/2","3p6.3d8.(3P).4s","4P","3/2","M1","T4240","","",14124.31,9.55565270526394,"wn(cm-1)"
"Ni","2","","","705.420","","14172.04","","5.5e-04","E","10663.89","24835.93","3p6.3d8.(3F).4s","4F","3/2","3p6.3d8.(3P).4s","4P","1/2","M1","T4240","","",14172.04,9.55902628844822,"wn(cm-1)"
"Ni","2","","","695.582","","14372.49","","7.7e-03","E","10663.89","25036.38","3p6.3d8.(3F).4s","4F","3/2","3p6.3d8.(1D).4s","2D","5/2","M1","T4240","","",14372.49,9.57307124172403,"wn(cm-1)"
"Ni","2","","","691.079","","14466.14","","1.2e-03","E","9330.04","23796.18","3p6.3d8.(3F).4s","4F","7/2","3p6.3d8.(1D).4s","2D","3/2","E2","T4240","","",14466.14,9.57956602522773,"wn(cm-1)"
"Ni","2","","","684.842","","14597.89","","2.9e-02","E","14995.57","29593.46","3p6.3d8.(3F).4s","2F","5/2","3p6.3d8.(3P).4s","2P","1/2","E2","T4240","","",14597.89,9.58863227670438,"wn(cm-1)"
"Ni","2","","","681.357","","14672.54","","9.2e-02","E","10115.66","24788.20","3p6.3d8.(3F).4s","4F","5/2","3p6.3d8.(3P).4s","4P","3/2","M1","T4240","","",14672.54,9.59373299861722,"wn(cm-1)"
"Ni","2","","","679.420","","14714.38","","4.6e-03","E","8393.90","23108.28","3p6.3d8.(3F).4s","4F","9/2","3p6.3d8.(3P).4s","4P","5/2","E2","T4240","","",14714.38,9.59658052590292,"wn(cm-1)"
"Ni","2","","","679.148","","14720.27","","4.9e-03","E","10115.66","24835.93","3p6.3d8.(3F).4s","4F","5/2","3p6.3d8.(3P).4s","4P","1/2","E2","T4240","","",14720.27,9.59698073450595,"wn(cm-1)"
"Ni","2","","","670.024","","14920.72","","7.8e-03","E","10115.66","25036.38","3p6.3d8.(3F).4s","4F","5/2","3p6.3d8.(1D).4s","2D","5/2","M1","T4240","","",14920.72,9.61050612996606,"wn(cm-1)"
"Ni","2","","","666.680","","14995.57","","6.2e-04","E","0.00","14995.57","3p6.3d9","2D","5/2","3p6.3d8.(3F).4s","2F","5/2","M1","T4240","","",14995.57,9.61551010313154,"wn(cm-1)"
"Ni","2","","","646.729","","15458.16","","6.2e-03","E","9330.04","24788.20","3p6.3d8.(3F).4s","4F","7/2","3p6.3d8.(3P).4s","4P","3/2","E2","T4240","","",15458.16,9.64589229824076,"wn(cm-1)"
"Ni","2","","","644.129","","15520.54","","3.1e-02","E","13550.39","29070.93","3p6.3d8.(3F).4s","2F","7/2","3p6.3d8.(3P).4s","2P","3/2","E2","T4240","","",15520.54,9.64991958694635,"wn(cm-1)"
"Ni","2","","","636.510","","15706.34","","1.9e-01","E","9330.04","25036.38","3p6.3d8.(3F).4s","4F","7/2","3p6.3d8.(1D).4s","2D","5/2","M1","T4240","","",15706.34,9.66181973147843,"wn(cm-1)"
"Ni","2","","","600.706","","16642.48","","7.4e-03","E","8393.90","25036.38","3p6.3d8.(3F).4s","4F","9/2","3p6.3d8.(1D).4s","2D","5/2","E2","T4240","","",16642.48,9.71971374173161,"wn(cm-1)"
"Ni","2","","","571.141","","17503.96","","5.9e-04","E","14995.57","32499.53","3p6.3d8.(3F).4s","2F","5/2","3p6.3d8.(1G).4s","2G","9/2","E2","T4240","","",17503.96,9.77018242002714,"wn(cm-1)"
"Ni","2","","","570.358","","17527.97","","4.2e-02","E","14995.57","32523.54","3p6.3d8.(3F).4s","2F","5/2","3p6.3d8.(1G).4s","2G","7/2","M1","T4240","","",17527.97,9.7715531697266,"wn(cm-1)"
"Ni","2","","","543.1194","","18407.04","","1.9e-03","E","10663.89","29070.93","3p6.3d8.(3F).4s","4F","3/2","3p6.3d8.(3P).4s","2P","3/2","M1","T4240","","",18407.04,9.82048847911669,"wn(cm-1)"
"Ni","2","","","528.1271","","18929.57","","1.3e-03","E","10663.89","29593.46","3p6.3d8.(3F).4s","4F","3/2","3p6.3d8.(3P).4s","2P","1/2","M1","T4240","","",18929.57,9.8484805286786,"wn(cm-1)"
"Ni","2","","","527.5816","","18949.14","","8.2e-02","E","13550.39","32499.53","3p6.3d8.(3F).4s","2F","7/2","3p6.3d8.(1G).4s","2G","9/2","M1","T4240","","",18949.14,9.849513826895,"wn(cm-1)"
"Ni","2","","","527.4110","","18955.27","","1.2e-02","E","10115.66","29070.93","3p6.3d8.(3F).4s","4F","5/2","3p6.3d8.(3P).4s","2P","3/2","M1","T4240","","",18955.27,9.84983727211171,"wn(cm-1)"
"Ni","2","","","526.9140","","18973.15","","1.2e-01","E","13550.39","32523.54","3p6.3d8.(3F).4s","2F","7/2","3p6.3d8.(1G).4s","2G","7/2","M1","T4240","","",18973.15,9.85078010080453,"wn(cm-1)"
"Ni","2","","","513.2620","","19477.80","","4.5e-04","E","10115.66","29593.46","3p6.3d8.(3F).4s","4F","5/2","3p6.3d8.(3P).4s","2P","1/2","E2","T4240","","",19477.8,9.87703063447377,"wn(cm-1)"
"Ni","2","","","506.4216","","19740.89","","1.3e-03","E","9330.04","29070.93","3p6.3d8.(3F).4s","4F","7/2","3p6.3d8.(3P).4s","2P","3/2","E2","T4240","","",19740.89,9.89044739809068,"wn(cm-1)"
"Ni","2","499.202","","","","20026.4","500","","","","","","","","","","","","","L897","",20026.4,9.90480668210203,"wn(cm-1)"
"Ni","2","","","462.8046","","21601.34","","1.9e-04","E","1506.94","23108.28","3p6.3d9","2D","3/2","3p6.3d8.(3P).4s","4P","5/2","M1","T4240","","",21601.34,9.98051062878508,"wn(cm-1)"
"Ni","2","","","457.3357","","21859.65","","4.6e-04","E","10663.89","32523.54","3p6.3d8.(3F).4s","4F","3/2","3p6.3d8.(1G).4s","2G","7/2","E2","T4240","","",21859.65,9.99239775062339,"wn(cm-1)"
"Ni","2","","","448.5211","","22289.24","","8.4e-04","E","1506.94","23796.18","3p6.3d9","2D","3/2","3p6.3d8.(1D).4s","2D","3/2","M1","T4240","","",22289.24,10.0118593297915,"wn(cm-1)"
"Ni","2","","","446.6249","","22383.87","","1.3e-04","E","10115.66","32499.53","3p6.3d8.(3F).4s","4F","5/2","3p6.3d8.(1G).4s","2G","9/2","E2","T4240","","",22383.87,10.0160958891686,"wn(cm-1)"
"Ni","2","","","446.1464","","22407.88","","9.9e-02","E","10115.66","32523.54","3p6.3d8.(3F).4s","4F","5/2","3p6.3d8.(1G).4s","2G","7/2","M1","T4240","","",22407.88,10.0171679616953,"wn(cm-1)"
"Ni","2","","","432.6237","","23108.28","","2.5e-03","E","0.00","23108.28","3p6.3d9","2D","5/2","3p6.3d8.(3P).4s","4P","5/2","M1","T4240","","",23108.28,10.0479462738435,"wn(cm-1)"
"Ni","2","","","431.4807","","23169.49","","7.3e-02","E","9330.04","32499.53","3p6.3d8.(3F).4s","4F","7/2","3p6.3d8.(1G).4s","2G","9/2","M1","T4240","","",23169.49,10.0505916059628,"wn(cm-1)"
"Ni","2","","","431.0340","","23193.50","","1.6e-01","E","9330.04","32523.54","3p6.3d8.(3F).4s","4F","7/2","3p6.3d8.(1G).4s","2G","7/2","M1","T4240","","",23193.5,10.051627345985,"wn(cm-1)"
"Ni","2","","","429.4092","","23281.26","","1.3e-03","E","1506.94","24788.20","3p6.3d9","2D","3/2","3p6.3d8.(3P).4s","4P","3/2","M1","T4240","","",23281.26,10.0554040240921,"wn(cm-1)"
"Ni","2","","","428.5306","","23328.99","","1.0e-03","E","1506.94","24835.93","3p6.3d9","2D","3/2","3p6.3d8.(3P).4s","4P","1/2","M1","T4240","","",23328.99,10.0574520721795,"wn(cm-1)"
"Ni","2","","","424.8799","","23529.44","","1.5e-03","E","1506.94","25036.38","3p6.3d9","2D","3/2","3p6.3d8.(1D).4s","2D","5/2","M1","T4240","","",23529.44,10.0660076820332,"wn(cm-1)"
"Ni","2","","","420.1172","","23796.18","","1.5e-03","E","0.00","23796.18","3p6.3d9","2D","5/2","3p6.3d8.(1D).4s","2D","3/2","M1","T4240","","",23796.18,10.0772803425757,"wn(cm-1)"
"Ni","2","","","414.7239","","24105.63","","3.2e-01","E","8393.90","32499.53","3p6.3d8.(3F).4s","4F","9/2","3p6.3d8.(1G).4s","2G","9/2","M1","T4240","","",24105.63,10.0902007021547,"wn(cm-1)"
"Ni","2","","","414.3112","","24129.64","","9.6e-03","E","8393.90","32523.54","3p6.3d8.(3F).4s","4F","9/2","3p6.3d8.(1G).4s","2G","7/2","M1","T4240","","",24129.64,10.0911962393201,"wn(cm-1)"
"Ni","2","","","403.3038","","24788.20","","3.3e-03","E","0.00","24788.20","3p6.3d9","2D","5/2","3p6.3d8.(3P).4s","4P","3/2","M1","T4240","","",24788.2,10.1181230124697,"wn(cm-1)"
"Ni","2","","","402.5287","","24835.93","","2.9e-04","E","0.00","24835.93","3p6.3d9","2D","5/2","3p6.3d8.(3P).4s","4P","1/2","E2","T4240","","",24835.93,10.1200466739915,"wn(cm-1)"
"Ni","2","","","399.3059","","25036.38","","2.2e-03","E","0.00","25036.38","3p6.3d9","2D","5/2","3p6.3d8.(1D).4s","2D","5/2","M1","T4240","","",25036.38,10.1280852460729,"wn(cm-1)"
"Ni","2","","","362.6888","","27563.99","","1.4e-03","E","1506.94","29070.93","3p6.3d9","2D","3/2","3p6.3d8.(3P).4s","2P","3/2","M1","T4240","","",27563.99,10.224265489685,"wn(cm-1)"
"Ni","2","","","355.9410","","28086.52","","1.1e-03","E","1506.94","29593.46","3p6.3d9","2D","3/2","3p6.3d8.(3P).4s","2P","1/2","M1","T4240","","",28086.52,10.2430450249191,"wn(cm-1)"
"Ni","2","","","343.8877","","29070.93","","5.7e-04","E","0.00","29070.93","3p6.3d9","2D","5/2","3p6.3d8.(3P).4s","2P","3/2","M1","T4240","","",29070.93,10.2774939847853,"wn(cm-1)"
"Ni","2","340.105","","","","29394.2","500","","","","","","","","","","","","","L897","",29394.2,10.2885526549532,"wn(cm-1)"
"Ni","2","337.897","","","","29586.3","500","","","","","","","","","","","","","L897","",29586.3,10.2950666953318,"wn(cm-1)"
"Ni","2","","","337.8155","","29593.46","","4.1e+00","E","0.00","29593.46","3p6.3d9","2D","5/2","3p6.3d8.(3P).4s","2P","1/2","E2","T4240","","",29593.46,10.2953086699541,"wn(cm-1)"
"Ni","2","336.345","","","","29722.8","500","","","","","","","","","","","","","L897","",29722.8,10.2996697070454,"wn(cm-1)"
"Ni","2","335.868","","","","29765.0","600","","","","","","","","","","","","","L897","",29765,10.3010884855875,"wn(cm-1)"
"Ni","2","334.924","","","","29848.9","500","","","","","","","","","","","","","L897","",29848.9,10.3039032672205,"wn(cm-1)"
"Ni","2","334.884","","","","29852.5","500","","","","","","","","","","","","","L897","",29852.5,10.3040238674075,"wn(cm-1)"
"Ni","2","333.809","","","","29948.6","500","","","","","","","","","","","","","L897","",29948.6,10.3072378578767,"wn(cm-1)"
"Ni","2","333.564","","","","29970.6","400","","","","","","","","","","","","","L897","",29970.6,10.3079721801303,"wn(cm-1)"
"Ni","2","333.188","","","","30004.5","2000","","","","","","","","","","","","","L897","",30004.5,10.3091026493954,"wn(cm-1)"
"Ni","2","330.571","","","","30242.0","400","","","","","","","","","","","","","L897","",30242,10.3169869656726,"wn(cm-1)"
"Ni","2","329.760","","","","30316.4","500","","","","","","","","","","","","","L897","",30316.4,10.3194440991977,"wn(cm-1)"
"Ni","2","329.287","","","","30359.9","400","","","","","","","","","","","","","L897","",30359.9,10.3208779376965,"wn(cm-1)"
"Ni","2","","","322.3149","","31016.60","","3.5e+00","E","1506.94","32523.54","3p6.3d9","2D","3/2","3p6.3d8.(1G).4s","2G","7/2","E2","T4240","","",31016.6,10.3422778240179,"wn(cm-1)"
"Ni","2","","","307.6074","","32499.53","","4.6e+00","E","0.00","32499.53","3p6.3d9","2D","5/2","3p6.3d8.(1G).4s","2G","9/2","E2","T4240","","",32499.53,10.3889809066748,"wn(cm-1)"
"Ni","2","","","307.3803","","32523.54","","3.5e-01","E","0.00","32523.54","3p6.3d9","2D","5/2","3p6.3d8.(1G).4s","2G","7/2","E2","T4240","","",32523.54,10.3897194138259,"wn(cm-1)"
"Ni","2","286.402","","","","34905.7","500","","","","","","","","","","","","","L897","",34905.7,10.4604054186369,"wn(cm-1)"
"Ni","2","","","263.0278","","38007.46","","6.8e+05","C","13550.39","51557.85","3p6.3d8.(3F).4s","2F","7/2","3p6.3d8.(3F).4p","4D*","7/2","","T1024n","","",38007.46,10.5455377352306,"wn(cm-1)"
"Ni","2","261.506","","","","38228.6","500","","","","","","","","","","","","","L897","",38228.6,10.5513392055648,"wn(cm-1)"
"Ni","2","260.994","","","","38303.6","500","","","","","","","","","","","","","L897","",38303.6,10.5532991655296,"wn(cm-1)"
"Ni","2","260.626","","","","38357.7","500","","","","","","","","","","","","","L897","",38357.7,10.5547105689099,"wn(cm-1)"
"Ni","2","256.592","","","","38960.7","500","","","","","","","","","","","","","L897","",38960.7,10.5703087247409,"wn(cm-1)"
"Ni","2","","","254.5899","","39267.06","","1.56e+07","B","14995.57","54262.63","3p6.3d8.(3F).4s","2F","5/2","3p6.3d8.(3F).4p","4G*","7/2","","T1024n","","",39267.06,10.5781412784593,"wn(cm-1)"
"Ni","2","251.087","","251.0874","","39814.8","500","5.8e+07","B","13550.39","53365.17","3p6.3d8.(3F).4s","2F","7/2","3p6.3d8.(3F).4p","4G*","9/2","","T1024n","L897","",39814.8,10.5919939814465,"wn(cm-1)"
"Ni","2","243.789","","243.7889","","41006.6","500","5.4e+07","C","13550.39","54557.05","3p6.3d8.(3F).4s","2F","7/2","3p6.3d8.(3F).4p","4F*","9/2","","T1024n","L897","",41006.6,10.621488308341,"wn(cm-1)"
"Ni","2","","","243.3555","","41079.69","","7.3e+06","B","14995.57","56075.26","3p6.3d8.(3F).4s","2F","5/2","3p6.3d8.(3F).4p","4F*","5/2","","T1024n","","",41079.69,10.6232691177628,"wn(cm-1)"
"Ni","2","241.613","","241.6135","","41375.9","2000","2.1e+08","C","14995.57","56371.41","3p6.3d8.(3F).4s","2F","5/2","3p6.3d8.(3F).4p","2G*","7/2","","T1024n","L897","",41375.9,10.6304538647086,"wn(cm-1)"
"Ni","2","","","241.3039","","41428.92","","8.3e+06","B","14995.57","56424.49","3p6.3d8.(3F).4s","2F","5/2","3p6.3d8.(3F).4p","4F*","3/2","","T1024n","","",41428.92,10.6317344666651,"wn(cm-1)"
"Ni","2","","","241.2266","","41442.19","","2.4e+05","C","10115.66","51557.85","3p6.3d8.(3F).4s","4F","5/2","3p6.3d8.(3F).4p","4D*","7/2","","T1024n","","",41442.19,10.6320547230273,"wn(cm-1)"
"Ni","2","","","241.0746","","41468.32","","1.0e+06","D","13550.39","55018.71","3p6.3d8.(3F).4s","2F","7/2","3p6.3d8.(3F).4p","4G*","5/2","","T1024n","","",41468.32,10.6326850412069,"wn(cm-1)"
"Ni","2","239.452","","239.4523","","41749.3","1000","1.70e+08","B","13550.39","55299.65","3p6.3d8.(3F).4s","2F","7/2","3p6.3d8.(3F).4p","2G*","9/2","","T1024n","L897","",41749.3,10.6394379636714,"wn(cm-1)"
"Ni","2","","","238.7763","","41867.44","","1.59e+07","B","13550.39","55417.83","3p6.3d8.(3F).4s","2F","7/2","3p6.3d8.(3F).4p","4F*","7/2","","T1024n","","",41867.44,10.6422637155151,"wn(cm-1)"
"Ni","2","237.542","","237.5420","","42085.0","1000","6.6e+07","B","14995.57","57080.55","3p6.3d8.(3F).4s","2F","5/2","3p6.3d8.(3F).4p","2F*","7/2","","T1024n","L897","",42085,10.6474466616457,"wn(cm-1)"
"Ni","2","","","236.7384","","42227.81","","7.4e+06","B","9330.04","51557.85","3p6.3d8.(3F).4s","4F","7/2","3p6.3d8.(3F).4p","4D*","7/2","","T1024n","","",42227.81,10.6508342877152,"wn(cm-1)"
"Ni","2","","","235.6403","","42424.59","","2.8e+07","C","14995.57","57420.16","3p6.3d8.(3F).4s","2F","5/2","3p6.3d8.(3F).4p","2D*","5/2","","T1024n","","",42424.59,10.6554834259426,"wn(cm-1)"
"Ni","2","234.120","","","","42700.1","500","","","","","","","","","","","","","L897","",42700.1,10.6619565411343,"wn(cm-1)"
"Ni","2","233.458","","233.4586","","42821.1","500","8.0e+07","C","13550.39","56371.41","3p6.3d8.(3F).4s","2F","7/2","3p6.3d8.(3F).4p","2G*","7/2","","T1024n","L897","",42821.1,10.6647862507441,"wn(cm-1)"
"Ni","2","","","232.6451","","42970.73","","3.3e+07","D","10663.89","53634.62","3p6.3d8.(3F).4s","4F","3/2","3p6.3d8.(3F).4p","4D*","3/2","","T5005","","",42970.73,10.6682744652214,"wn(cm-1)"
"Ni","2","231.975","","","","43094.9","500","","","","","","","","","","","","","L897","",43094.9,10.671159939624,"wn(cm-1)"
"Ni","2","231.604","","231.6036","","43163.9","1000","2.88e+08","B","8393.90","51557.85","3p6.3d8.(3F).4s","4F","9/2","3p6.3d8.(3F).4p","4D*","7/2","","T1024n","L897","",43163.9,10.6727597767355,"wn(cm-1)"
"Ni","2","230.300","","230.2992","","43408.3","1000","2.9e+08","C","9330.04","52738.45","3p6.3d8.(3F).4s","4F","7/2","3p6.3d8.(3F).4p","4D*","5/2","","T1024n","L897","",43408.3,10.6784059460433,"wn(cm-1)"
"Ni","2","","","229.8267","","43497.64","","2.8e+08","C","14995.57","58493.21","3p6.3d8.(3F).4s","2F","5/2","3p6.3d8.(3F).4p","2F*","5/2","","T1024n","","",43497.64,10.6804619627315,"wn(cm-1)"
"Ni","2","","","229.7489","","43512.37","","3.0e+08","B","10663.89","54176.26","3p6.3d8.(3F).4s","4F","3/2","3p6.3d8.(3F).4p","4D*","1/2","","T1024n","","",43512.37,10.680800544468,"wn(cm-1)"
"Ni","2","229.714","","229.7141","","43519.0","400","2.70e+08","B","10115.66","53634.62","3p6.3d8.(3F).4s","4F","5/2","3p6.3d8.(3F).4p","4D*","3/2","","T1024n","L897","",43519,10.6809529033247,"wn(cm-1)"
"Ni","2","229.655","","229.6550","","43530.2","400","1.98e+08","B","13550.39","57080.55","3p6.3d8.(3F).4s","2F","7/2","3p6.3d8.(3F).4p","2F*","7/2","","T1024n","L897","",43530.2,10.6812102290683,"wn(cm-1)"
"Ni","2","228.765","","","","43699.5","500","","","","","","","","","","","","","L897","",43699.5,10.6850919393706,"wn(cm-1)"
"Ni","2","","","228.7081","","43710.38","","2.8e+08","C","14995.57","58705.95","3p6.3d8.(3F).4s","2F","5/2","3p6.3d8.(3F).4p","2D*","3/2","","T1024n","","",43710.38,10.6853408814823,"wn(cm-1)"
"Ni","2","227.877","","227.8770","","43869.8","800","2.8e+08","C","13550.39","57420.16","3p6.3d8.(3F).4s","2F","7/2","3p6.3d8.(3F).4p","2D*","5/2","","T1024n","L897","",43869.8,10.6889814352258,"wn(cm-1)"
"Ni","2","227.832","","","","43878.4","400","","","","","","","","","","","","","L897","",43878.4,10.6891774506432,"wn(cm-1)"
"Ni","2","227.728","","","","43898.5","800","","","","","","","","","","","","","L897","",43898.5,10.6896354299146,"wn(cm-1)"
"Ni","2","227.021","","227.0212","","44035.2","2000","1.56e+08","B","9330.04","53365.17","3p6.3d8.(3F).4s","4F","7/2","3p6.3d8.(3F).4p","4G*","9/2","","T1024n","L897","",44035.2,10.692744593071,"wn(cm-1)"
"Ni","2","226.446","","226.4461","","44147.0","1000","1.43e+08","B","10115.66","54262.63","3p6.3d8.(3F).4s","4F","5/2","3p6.3d8.(3F).4p","4G*","7/2","","T1024n","L897","",44147,10.6952802535535,"wn(cm-1)"
"Ni","2","225.385","","225.3848","","44354.8","500","1.98e+08","C+","10663.89","55018.71","3p6.3d8.(3F).4s","4F","3/2","3p6.3d8.(3F).4p","4G*","5/2","","T1024n","L897","",44354.8,10.69997621187,"wn(cm-1)"
"Ni","2","224.268","","","","44575.7","500","","","","","","","","","","","","","L897","",44575.7,10.7049441464779,"wn(cm-1)"
"Ni","2","","","222.6328","","44903.05","","1.3e+08","B","10115.66","55018.71","3p6.3d8.(3F).4s","4F","5/2","3p6.3d8.(3F).4p","4G*","5/2","","T1024n","","",44903.05,10.7122610001538,"wn(cm-1)"
"Ni","2","","","222.4864","","44932.59","","1.55e+08","B","9330.04","54262.63","3p6.3d8.(3F).4s","4F","7/2","3p6.3d8.(3F).4p","4G*","7/2","","T1024n","","",44932.59,10.7129186456287,"wn(cm-1)"
"Ni","2","","","222.4358","","44942.82","","3.2e+07","C","13550.39","58493.21","3p6.3d8.(3F).4s","2F","7/2","3p6.3d8.(3F).4p","2F*","5/2","","T1024n","","",44942.82,10.7131462941044,"wn(cm-1)"
"Ni","2","222.296","","222.2950","","44971.1","900","9.8e+07","B","8393.90","53365.17","3p6.3d8.(3F).4s","4F","9/2","3p6.3d8.(3F).4p","4G*","9/2","","T1024n","L897","",44971.1,10.7137753402172,"wn(cm-1)"
"Ni","2","222.106","","","","45009.5","500","","","","","","","","","","","","","L897","",45009.5,10.7146288575828,"wn(cm-1)"
"Ni","2","222.040","","222.0399","","45022.9","800","2.3e+08","C","23108.28","68131.21","3p6.3d8.(3P).4s","4P","5/2","3p6.3d8.(1D).4p","2F*","7/2","","T1024n","L897","",45022.9,10.7149265282013,"wn(cm-1)"
"Ni","2","221.648","","221.6477","","45102.5","6000","3.4e+08","B","8393.90","53496.49","3p6.3d8.(3F).4s","4F","9/2","3p6.3d8.(3F).4p","4G*","11/2","","T1024n","L897","",45102.5,10.716692956327,"wn(cm-1)"
"Ni","2","","","221.0379","","45227.01","","3.9e+07","C","9330.04","54557.05","3p6.3d8.(3F).4s","4F","7/2","3p6.3d8.(3F).4p","4F*","9/2","","T1024n","","",45227.01,10.7194497537203,"wn(cm-1)"
"Ni","2","220.672","","220.6712","","45302.0","4000","1.66e+08","B","10115.66","55417.83","3p6.3d8.(3F).4s","4F","5/2","3p6.3d8.(3F).4p","4F*","7/2","","T1024n","L897","",45302,10.7211064606069,"wn(cm-1)"
"Ni","2","220.555","","","","45326.0","5000","","","","","","","","","","","","","L897","",45326,10.7216360982589,"wn(cm-1)"
"Ni","2","220.141","","220.1405","","45411.3","600","1.3e+08","B","10663.89","56075.26","3p6.3d8.(3F).4s","4F","3/2","3p6.3d8.(3F).4p","4F*","5/2","","T1024n","L897","",45411.3,10.7235162517377,"wn(cm-1)"
"Ni","2","219.209","","","","45604.3","3000","","","","","","","","","","","","","L897","",45604.3,10.7277572893023,"wn(cm-1)"
"Ni","2","","","218.8042","","45688.67","","5.7e+06","C+","9330.04","55018.71","3p6.3d8.(3F).4s","4F","7/2","3p6.3d8.(3F).4p","4G*","5/2","","T1024n","","",45688.67,10.7296056249194,"wn(cm-1)"
"Ni","2","218.550","","","","45741.8","2500","","","","","","","","","","","","","L897","",45741.8,10.7307678196665,"wn(cm-1)"
"Ni","2","218.460","","218.4602","","45760.6","800","2.90e+08","B","10663.89","56424.49","3p6.3d8.(3F).4s","4F","3/2","3p6.3d8.(3F).4p","4F*","3/2","","T1024n","L897","",45760.6,10.7311787378558,"wn(cm-1)"
"Ni","2","218.047","","","","45847.3","800","","","","","","","","","","","","","L897","",45847.3,10.7330715882735,"wn(cm-1)"
"Ni","2","217.935","","","","45870.9","400","","","","","","","","","","","","","L897","",45870.9,10.7335862080658,"wn(cm-1)"
"Ni","2","217.736","","","","45912.8","400","","","","","","","","","","","","","L897","",45912.8,10.7344992242748,"wn(cm-1)"
"Ni","2","217.709","","","","45918.5","500","","","","","","","","","","","","","L897","",45918.5,10.7346233649547,"wn(cm-1)"
"Ni","2","217.515","","217.5142","","45959.4","1500","1.77e+08","B","10115.66","56075.26","3p6.3d8.(3F).4s","4F","5/2","3p6.3d8.(3F).4p","4F*","5/2","","T1024n","L897","",45959.4,10.7355136770472,"wn(cm-1)"
"Ni","2","217.467","","217.4669","","45969.6","2000","1.43e+08","B","9330.04","55299.65","3p6.3d8.(3F).4s","4F","7/2","3p6.3d8.(3F).4p","2G*","9/2","","T1024n","L897","",45969.6,10.7357355874355,"wn(cm-1)"
"Ni","2","216.910","","216.9092","","46087.6","2000","1.58e+08","B","9330.04","55417.83","3p6.3d8.(3F).4s","4F","7/2","3p6.3d8.(3F).4p","4F*","7/2","","T1024n","L897","",46087.6,10.7382992123258,"wn(cm-1)"
"Ni","2","216.555","","216.5550","","46163.2","1000","2.4e+08","C","8393.90","54557.05","3p6.3d8.(3F).4s","4F","9/2","3p6.3d8.(3F).4p","4F*","9/2","","T1024n","L897","",46163.2,10.7399382228693,"wn(cm-1)"
"Ni","2","","","216.1215","","46255.75","","2.0e+07","C","10115.66","56371.41","3p6.3d8.(3F).4s","4F","5/2","3p6.3d8.(3F).4p","2G*","7/2","","T1024n","","",46255.75,10.7419410595373,"wn(cm-1)"
"Ni","2","","","215.8737","","46308.83","","3.5e+07","C","10115.66","56424.49","3p6.3d8.(3F).4s","4F","5/2","3p6.3d8.(3F).4p","4F*","3/2","","T1024n","","",46308.83,10.7430879346339,"wn(cm-1)"
"Ni","2","","","213.8582","","46745.22","","1.77e+07","C+","9330.04","56075.26","3p6.3d8.(3F).4s","4F","7/2","3p6.3d8.(3F).4p","4F*","5/2","","T1024n","","",46745.22,10.7524672835001,"wn(cm-1)"
"Ni","2","","","212.8578","","46964.89","","2.48e+07","B","10115.66","57080.55","3p6.3d8.(3F).4s","4F","5/2","3p6.3d8.(3F).4p","2F*","7/2","","T1024n","","",46964.89,10.7571555802562,"wn(cm-1)"
"Ni","2","","","212.5905","","47023.93","","5.0e+06","B","8393.90","55417.83","3p6.3d8.(3F).4s","4F","9/2","3p6.3d8.(3F).4p","4F*","7/2","","T1024n","","",47023.93,10.758411900056,"wn(cm-1)"
"Ni","2","","","212.5117","","47041.37","","6.4e+06","C","9330.04","56371.41","3p6.3d8.(3F).4s","4F","7/2","3p6.3d8.(3F).4p","2G*","7/2","","T1024n","","",47041.37,10.7587827062981,"wn(cm-1)"
"Ni","2","","","209.3553","","47750.51","","6.5e+06","C+","9330.04","57080.55","3p6.3d8.(3F).4s","4F","7/2","3p6.3d8.(3F).4p","2F*","7/2","","T1024n","","",47750.51,10.7737450264801,"wn(cm-1)"
"Ni","2","","","209.0103","","47829.32","","7.0e+06","C","10663.89","58493.21","3p6.3d8.(3F).4s","4F","3/2","3p6.3d8.(3F).4p","2F*","5/2","","T1024n","","",47829.32,10.7753941195547,"wn(cm-1)"
"Ni","2","","","208.0847","","48042.06","","8.0e+06","C","10663.89","58705.95","3p6.3d8.(3F).4s","4F","3/2","3p6.3d8.(3F).4p","2D*","3/2","","T1024n","","",48042.06,10.7798321562071,"wn(cm-1)"
"Ni","2","","","205.3293","","48686.65","","2.5e+06","B","8393.90","57080.55","3p6.3d8.(3F).4s","4F","9/2","3p6.3d8.(3F).4p","2F*","7/2","","T1024n","","",48686.65,10.7931601441809,"wn(cm-1)"
"Ni","2","","","203.3389","","49163.17","","2.3e+06","C","9330.04","58493.21","3p6.3d8.(3F).4s","4F","7/2","3p6.3d8.(3F).4p","2F*","5/2","","T1024n","","",49163.17,10.8029000449208,"wn(cm-1)"
